<?xml version='1.0' encoding='utf-8' standalone='yes' ?>
<map>
    <long name="com.rzmod.Raj.classes.cloneTimestamp" value="1759690756056" />
    <long name="com.facebook.appevents.SessionInfo.sessionStartTime" value="1760205372910" />
    <long name="com.facebook.appevents.SessionInfo.sessionEndTime" value="1760205446196" />
    <boolean name="bg_startup_tracing" value="false" />
    <int name="com.facebook.appevents.SessionInfo.interruptionCount" value="4" />
    <int name="com.rzmod.Raj.classes.originalInstallVersionCode" value="5050300" />
    <string name="com.facebook.appevents.SessionInfo.sessionId">2e2a6c9d-5abb-48fb-ac90-9d5c22a7f37a</string>
</map>
