<?xml version='1.0' encoding='utf-8' standalone='yes' ?>
<map>
    <long name="fire-count" value="1" />
    <string name="last-used-date">2025-10-11</string>
    <long name="fire-global" value="1760179446476" />
    <set name="kotlin/2.1.10 fire-installations/18.0.0 fire-rc/22.1.0 android-installer/ fire-auth/23.2.0 android-min-sdk/23 fire-dl/22.1.0 fire-abt/21.1.1 fire-core/21.0.0 fire-android/30 device-name/raphael device-model/raphael fire-core-ktx/21.0.0 fire-analytics/22.3.0 fire-perf/21.0.4 android-platform/ fire-fcm/24.1.0 android-target-sdk/35 fire-sessions/2.0.9 device-brand/Xiaomi fire-transport/19.0.0 fire-cls/19.4.1">
        <string>2025-10-11</string>
    </set>
</map>
