{"name":"sentry.java.android","version":"8.13.3","packages":[{"name":"maven:io.sentry:sentry","version":"8.13.3"},{"name":"maven:io.sentry:sentry-android-core","version":"8.13.3"},{"name":"maven:io.sentry:sentry-android-replay","version":"8.13.3"},{"name":"maven:io.sentry:sentry-android-ndk","version":"8.13.3"}],"integrations":["Screenshot","ViewHierarchy","UncaughtExceptionHandler","ShutdownHook","SendCachedEnvelope","AppLifecycle","AnrV2","ActivityLifecycle","ActivityBreadcrumbs","UserInteraction","AppComponentsBreadcrumbs","EnvelopeFileObserver","SystemEventsBreadcrumbs","NetworkBreadcrumbs"]}