{"Fid":"cJNs_6TcTtilcmXSSfEYYQ","Status":3,"AuthToken":"eyJhbGciOiJFUzI1NiIsInR5cCI6IkpXVCJ9.eyJhcHBJZCI6IjE6ODUwMjIwMDM3MDgxOmFuZHJvaWQ6YjgyMDdhYzQwNzViNWUxMTI3NWZjOCIsImV4cCI6MTc1NjczMzI3NywiZmlkIjoiY0pOc182VGNUdGlsY21YU1NmRVlZUSIsInByb2plY3ROdW1iZXIiOjg1MDIyMDAzNzA4MX0.AB2LPV8wRAIgIFi71sIsUkGlemMEbiosn3pEObyDxmukt-ISmnXus3oCIBKsiiqd_t55zWuSiGRdt9rahRT9sq0SfA3XYXYw3lTq","RefreshToken":"3_AS3qfwK7SJEYJJtoilMDBw3lRk3CJ81YFaXSv5kL6HxDkg5MXRG4jdfPFM3ZbZtdz_pB_nR_fByY4wWhkV9uKxIO6lrX8ihFVag0WBEalXjCN6Y","TokenCreationEpochInSecs":1756128477,"ExpiresInSecs":604800}