{"Fid":"e-YlY_luRfakkyDgRedTYx","Status":3,"AuthToken":"eyJhbGciOiJFUzI1NiIsInR5cCI6IkpXVCJ9.eyJhcHBJZCI6IjE6ODUwMjIwMDM3MDgxOmFuZHJvaWQ6YjgyMDdhYzQwNzViNWUxMTI3NWZjOCIsImV4cCI6MTc1NzYwMDY5MiwiZmlkIjoiZS1ZbFlfbHVSZmFra3lEZ1JlZFRZeCIsInByb2plY3ROdW1iZXIiOjg1MDIyMDAzNzA4MX0.AB2LPV8wRQIgesDbuADf4TF2B96wa2Qm9_2EO-B_WQKI4bRO3w7d2aUCIQC8lrnebv0dtIz4kGflPgI1hYhsPEvRwHenWuFTUf616g","RefreshToken":"3_AS3qfwJw5ft1nm-CvMYoT4G28fWpNe6vMwkjlKNT53mdr3iHbLRqNUWFNoUoMLU1krem7kAt_Kd6kxKjXo8zU0OR9_sza0BR4eePOmgdFjaX0u0","TokenCreationEpochInSecs":1756995891,"ExpiresInSecs":604800}