{"Fid":"cR00-kWrS8C8o_0a6ItOHV","Status":3,"AuthToken":"eyJhbGciOiJFUzI1NiIsInR5cCI6IkpXVCJ9.eyJhcHBJZCI6IjE6ODUwMjIwMDM3MDgxOmFuZHJvaWQ6YjgyMDdhYzQwNzViNWUxMTI3NWZjOCIsImV4cCI6MTc1NzY2NTc1NywiZmlkIjoiY1IwMC1rV3JTOEM4b18wYTZJdE9IViIsInByb2plY3ROdW1iZXIiOjg1MDIyMDAzNzA4MX0.AB2LPV8wRAIgcLC147UJxtZpNrnbsmCZqQavvBe0TG1jr46iyvG2y_QCIEdZvNz_QyazrnJ69kGgmwU1kxQH6NAOhTayN0W74TlY","RefreshToken":"3_AS3qfwK3QWXUYSiQYNlKgsaA2ZFBpwrL_rGOOd9Ew4G6-yPcK3uJR5I3TDtfiB0QpxHpX9oNcVR5v7OwmhpcRH1u3KSfUXoFOCWlh2hdIhDVSXU","TokenCreationEpochInSecs":1757060956,"ExpiresInSecs":604800}