<?xml version='1.0' encoding='utf-8' standalone='yes' ?>
<map>
    <boolean name="allow_remote_dynamite" value="true" />
    <long name="first_open_time" value="1760179407955" />
    <boolean name="use_service" value="true" />
    <string name="gmp_app_id">1:850220037081:android:b8207ac4075b5e11275fc8</string>
    <string name="app_instance_id">24c1be1cdd97a153200c747e200a69c7</string>
    <long name="health_monitor:start" value="1760179410230" />
    <boolean name="app_backgrounded" value="true" />
    <boolean name="has_been_opened" value="true" />
    <boolean name="measurement_enabled" value="true" />
    <boolean name="start_new_session" value="true" />
    <boolean name="measurement_enabled_from_api" value="true" />
</map>
