<?xml version='1.0' encoding='utf-8' standalone='yes' ?>
<map>
    <long name="com.facebook.appevents.SessionInfo.sessionStartTime" value="1757416160083" />
    <long name="com.facebook.appevents.SessionInfo.sessionEndTime" value="1757416204859" />
    <long name="com.rzmod.Raj.classes.cloneTimestamp" value="1757084622405" />
    <int name="toast_count" value="1" />
    <int name="com.facebook.appevents.SessionInfo.interruptionCount" value="0" />
    <string name="com.facebook.appevents.SessionInfo.sessionId">fc981fc4-a874-4510-9643-3eaafa496f19</string>
    <int name="com.rzmod.Raj.classes.originalInstallVersionCode" value="5040900" />
</map>
