{"Fid":"eD2P4oC9QVmnEFPfNJ-tZ-","Status":3,"AuthToken":"eyJhbGciOiJFUzI1NiIsInR5cCI6IkpXVCJ9.eyJhcHBJZCI6IjE6ODUwMjIwMDM3MDgxOmFuZHJvaWQ6YjgyMDdhYzQwNzViNWUxMTI3NWZjOCIsImV4cCI6MTc2MjQ0ODUxNiwiZmlkIjoiZUQyUDRvQzlRVm1uRUZQZk5KLXRaLSIsInByb2plY3ROdW1iZXIiOjg1MDIyMDAzNzA4MX0.AB2LPV8wRQIgFSibpKdOYWyBCNR9GxCsYfp_Il9sNJgfJYrKxcW6dPoCIQDtrw9A8pOjQVrmkGU4wIwecu1bZ7eMhfUCfwUrYP2Xag","RefreshToken":"3_AS3qfwJ6QNkvgMizgUbWk0BPoLYlzsh7FxHj-mhGhxkoYLEt6_2_Dpgy70Lsq9S8nOhFDjvbX5KSg7v0I7WeCiYImgQhG8fjlcsIl4grep2_Tw","TokenCreationEpochInSecs":1761843716,"ExpiresInSecs":604800}